[
{
  "model": "accounts.user",
  "fields": {
    "password": "argon2$argon2i$v=19$m=512,t=2,p=2$a3dVVjVaTG92V2FU$gR3FjRtiBYflH4UCshayQA",
    "last_login": "2017-08-01T00:00:00.000Z",
    "is_superuser": false,
    "username": "functest_generic_5q6aqy5usyf7d2u69bgt3qw7",
    "email": "evillar+dccsru66eic33a46jgkcnjda@cadasta.org",
    "is_staff": false,
    "is_active": true,
    "date_joined": "2017-08-01T00:00:00.000Z",
    "full_name": "Cadasta Generic User",
    "email_verified": true,
    "change_pw": true,
    "language": "en",
    "measurement": "metric",
    "avatar": "",
    "created_date": "2017-08-01T00:00:00.000Z",
    "last_updated": "2017-08-01T00:00:00.000Z",
    "groups": [],
    "user_permissions": []
  }
},
{
  "model": "accounts.user",
  "fields": {
    "password": "argon2$argon2i$v=19$m=512,t=2,p=2$SDlVU25iZ2RvemI4$uTqq5TRLEls5Dn1nP4b/6w",
    "last_login": "2017-09-08T00:00:00.000Z",
    "is_superuser": false,
    "username": "functest_org_creator_rffm2jb23w43q4ik4hm9p78y",
    "email": "evillar+qxjqv8mef7cfc2n6jtj9znbq@cadasta.org",
    "is_staff": false,
    "is_active": true,
    "date_joined": "2017-09-08T00:00:00.000Z",
    "full_name": "Cadasta Org Creator",
    "email_verified": true,
    "change_pw": true,
    "language": "en",
    "measurement": "metric",
    "avatar": "",
    "created_date": "2017-09-08T00:00:00.000Z",
    "last_updated": "2017-09-08T00:00:00.000Z",
    "groups": [],
    "user_permissions": []
  }
},
{
  "model": "accounts.user",
  "fields": {
    "password": "argon2$argon2i$v=19$m=512,t=2,p=2$VVd6d0g2SndNZVRt$Cr74+1BzolNaYCs6GEmZ+Q",
    "last_login": "2017-09-08T00:00:00.000Z",
    "is_superuser": false,
    "username": "functest_org_admin_9y6bf5k395xrezm54h8z4v62",
    "email": "evillar+aivxr78aregr93buvq3fhsjt@cadasta.org",
    "is_staff": false,
    "is_active": true,
    "date_joined": "2017-09-08T00:00:00.000Z",
    "full_name": "Cadasta Org Admin",
    "email_verified": true,
    "change_pw": true,
    "language": "en",
    "measurement": "metric",
    "avatar": "",
    "created_date": "2017-09-08T00:00:00.000Z",
    "last_updated": "2017-09-08T00:00:00.000Z",
    "groups": [],
    "user_permissions": []
  }
},
{
  "model": "accounts.user",
  "fields": {
    "password": "argon2$argon2i$v=19$m=512,t=2,p=2$WTB6TFFaMExVbmhG$sTVFWGNOljmcz6jsBq+kbA",
    "last_login": "2017-09-08T00:00:00.000Z",
    "is_superuser": false,
    "username": "functest_org_member_ku4hvskari5jzs4peadicqck",
    "email": "evillar+dga39x49p5k35bq7jydu6x4n@cadasta.org",
    "is_staff": false,
    "is_active": true,
    "date_joined": "2017-09-08T00:00:00.000Z",
    "full_name": "Cadasta Org Member",
    "email_verified": true,
    "change_pw": true,
    "language": "en",
    "measurement": "metric",
    "avatar": "",
    "created_date": "2017-09-08T00:00:00.000Z",
    "last_updated": "2017-09-08T00:00:00.000Z",
    "groups": [],
    "user_permissions": []
  }
},
{
  "model": "accounts.user",
  "fields": {
    "password": "argon2$argon2i$v=19$m=512,t=2,p=2$UFNWWlJsWE1nRmlW$QzIf1ZYwbVNENEKHHZJBqw",
    "last_login": "2017-09-27T00:00:00.000Z",
    "is_superuser": false,
    "username": "functest_prj_manager_spj3de5tqkxt3dferaycyhiu",
    "email": "evillar+gxs6m4gp4sbhf598p3tdev8y@cadasta.org",
    "is_staff": false,
    "is_active": true,
    "date_joined": "2017-09-27T00:00:00.000Z",
    "full_name": "Cadasta Prj Manager",
    "email_verified": true,
    "change_pw": true,
    "language": "en",
    "measurement": "metric",
    "avatar": "",
    "created_date": "2017-09-27T00:00:00.000Z",
    "last_updated": "2017-09-27T00:00:00.000Z",
    "groups": [],
    "user_permissions": []
  }
},
{
  "model": "accounts.user",
  "fields": {
    "password": "argon2$argon2i$v=19$m=512,t=2,p=2$cEM0RUVtc3lXMHRX$ZL10zvEdppba8NRVzq6rfA",
    "last_login": "2017-11-08T00:00:00.000Z",
    "is_superuser": false,
    "username": "functest_data_collector_q2gwagxrxanav2j6h8bih393",
    "email": "evillar+hqr622cs29hezbnzbag6sddz@cadasta.org",
    "is_staff": false,
    "is_active": true,
    "date_joined": "2017-11-08T00:00:00.000Z",
    "full_name": "Cadasta Data Collector",
    "email_verified": true,
    "change_pw": true,
    "language": "en",
    "measurement": "metric",
    "avatar": "",
    "created_date": "2017-11-08T00:00:00.000Z",
    "last_updated": "2017-11-08T00:00:00.000Z",
    "groups": [],
    "user_permissions": []
  }
},
{
  "model": "accounts.user",
  "fields": {
    "password": "argon2$argon2i$v=19$m=512,t=2,p=2$cEM0RUVtc3lXMHRX$ZL10zvEdppba8NRVzq6rfA",
    "last_login": "2017-11-09T00:00:00.000Z",
    "is_superuser": false,
    "username": "functest_prj_user_5xjg9xz4m9xmz2gx8b78hqqz",
    "email": "evillar+s8ufs3yh69y98aq3ujqf69nz@cadasta.org",
    "is_staff": false,
    "is_active": true,
    "date_joined": "2017-11-09T00:00:00.000Z",
    "full_name": "Cadasta Project User",
    "email_verified": true,
    "change_pw": true,
    "language": "en",
    "measurement": "metric",
    "avatar": "",
    "created_date": "2017-11-09T00:00:00.000Z",
    "last_updated": "2017-11-09T00:00:00.000Z",
    "groups": [],
    "user_permissions": []
  }
},
{
  "model": "accounts.user",
  "fields": {
    "password": "argon2$argon2i$v=19$m=512,t=2,p=2$ZUZwNTdSQXUxS3Mx$o8MgOiiuH5maArWjNExjDQ",
    "last_login": "2017-12-05T00:00:00.000Z",
    "is_superuser": false,
    "username": "functest_dummy1_53t6bsjs8tyrqp6p5p4szbxt",
    "email": "evillar+53t6bsjs8tyrqp6p5p4szbxt@cadasta.org",
    "is_staff": false,
    "is_active": true,
    "date_joined": "2017-12-05T00:00:00.000Z",
    "full_name": "Cadasta Dummy User 1",
    "email_verified": true,
    "change_pw": true,
    "language": "en",
    "measurement": "metric",
    "avatar": "",
    "created_date": "2017-12-05T00:00:00.000Z",
    "last_updated": "2017-12-05T00:00:00.000Z",
    "groups": [],
    "user_permissions": []
  }
},
{
  "model": "accounts.user",
  "fields": {
    "password": "argon2$argon2i$v=19$m=512,t=2,p=2$ZUZwNTdSQXUxS3Mx$o8MgOiiuH5maArWjNExjDQ",
    "last_login": "2017-12-05T00:00:00.000Z",
    "is_superuser": false,
    "username": "functest_dummy2_84yz2wmamucz5dnxe4u3c9hw",
    "email": "evillar+84yz2wmamucz5dnxe4u3c9hw@cadasta.org",
    "is_staff": false,
    "is_active": true,
    "date_joined": "2017-12-05T00:00:00.000Z",
    "full_name": "Cadasta Dummy User 2",
    "email_verified": true,
    "change_pw": true,
    "language": "en",
    "measurement": "metric",
    "avatar": "",
    "created_date": "2017-12-05T00:00:00.000Z",
    "last_updated": "2017-12-05T00:00:00.000Z",
    "groups": [],
    "user_permissions": []
  }
},
{
  "model": "accounts.user",
  "fields": {
    "password": "argon2$argon2i$v=19$m=512,t=2,p=2$ZUZwNTdSQXUxS3Mx$o8MgOiiuH5maArWjNExjDQ",
    "last_login": "2017-12-05T00:00:00.000Z",
    "is_superuser": false,
    "username": "functest_dummy3_633ev4vcxb6i4rpy2t44xjph",
    "email": "evillar+633ev4vcxb6i4rpy2t44xjph@cadasta.org",
    "is_staff": false,
    "is_active": true,
    "date_joined": "2017-12-05T00:00:00.000Z",
    "full_name": "Cadasta Dummy User 3",
    "email_verified": true,
    "change_pw": true,
    "language": "en",
    "measurement": "metric",
    "avatar": "",
    "created_date": "2017-12-05T00:00:00.000Z",
    "last_updated": "2017-12-05T00:00:00.000Z",
    "groups": [],
    "user_permissions": []
  }
},
{
  "model": "accounts.user",
  "fields": {
    "password": "argon2$argon2i$v=19$m=512,t=2,p=2$ZUZwNTdSQXUxS3Mx$o8MgOiiuH5maArWjNExjDQ",
    "last_login": "2017-12-05T00:00:00.000Z",
    "is_superuser": false,
    "username": "functest_dummy4_ib3cvw5a8fztfdmm28it5rzs",
    "email": "evillar+ib3cvw5a8fztfdmm28it5rzs@cadasta.org",
    "is_staff": false,
    "is_active": true,
    "date_joined": "2017-12-05T00:00:00.000Z",
    "full_name": "Cadasta Dummy User 4",
    "email_verified": true,
    "change_pw": true,
    "language": "en",
    "measurement": "metric",
    "avatar": "",
    "created_date": "2017-12-05T00:00:00.000Z",
    "last_updated": "2017-12-05T00:00:00.000Z",
    "groups": [],
    "user_permissions": []
  }
},
{
  "model": "accounts.user",
  "fields": {
    "password": "argon2$argon2i$v=19$m=512,t=2,p=2$ZUZwNTdSQXUxS3Mx$o8MgOiiuH5maArWjNExjDQ",
    "last_login": "2017-12-05T00:00:00.000Z",
    "is_superuser": false,
    "username": "functest_dummy5_cmznkihmkcj529eaiayzz28m",
    "email": "evillar+cmznkihmkcj529eaiayzz28m@cadasta.org",
    "is_staff": false,
    "is_active": true,
    "date_joined": "2017-12-05T00:00:00.000Z",
    "full_name": "Cadasta Dummy User 5",
    "email_verified": true,
    "change_pw": true,
    "language": "en",
    "measurement": "metric",
    "avatar": "",
    "created_date": "2017-12-05T00:00:00.000Z",
    "last_updated": "2017-12-05T00:00:00.000Z",
    "groups": [],
    "user_permissions": []
  }
},
{
  "model": "accounts.user",
  "fields": {
    "password": "argon2$argon2i$v=19$m=512,t=2,p=2$ZUZwNTdSQXUxS3Mx$o8MgOiiuH5maArWjNExjDQ",
    "last_login": "2017-12-05T00:00:00.000Z",
    "is_superuser": false,
    "username": "functest_dummy6_baxr2knigacj28xcfjsimhj7",
    "email": "evillar+baxr2knigacj28xcfjsimhj7@cadasta.org",
    "is_staff": false,
    "is_active": true,
    "date_joined": "2017-12-05T00:00:00.000Z",
    "full_name": "Cadasta Dummy User 6",
    "email_verified": true,
    "change_pw": true,
    "language": "en",
    "measurement": "metric",
    "avatar": "",
    "created_date": "2017-12-05T00:00:00.000Z",
    "last_updated": "2017-12-05T00:00:00.000Z",
    "groups": [],
    "user_permissions": []
  }
},
{
  "model": "accounts.user",
  "fields": {
    "password": "argon2$argon2i$v=19$m=512,t=2,p=2$ZUZwNTdSQXUxS3Mx$o8MgOiiuH5maArWjNExjDQ",
    "last_login": "2017-12-05T00:00:00.000Z",
    "is_superuser": false,
    "username": "functest_dummy7_bay4rw7jbwkz8knerzcpew46",
    "email": "evillar+bay4rw7jbwkz8knerzcpew46@cadasta.org",
    "is_staff": false,
    "is_active": true,
    "date_joined": "2017-12-05T00:00:00.000Z",
    "full_name": "Cadasta Dummy User 7",
    "email_verified": true,
    "change_pw": true,
    "language": "en",
    "measurement": "metric",
    "avatar": "",
    "created_date": "2017-12-05T00:00:00.000Z",
    "last_updated": "2017-12-05T00:00:00.000Z",
    "groups": [],
    "user_permissions": []
  }
},
{
  "model": "organization.organization",
  "pk": "t76ippq854bvzh5uju6tikbw",
  "fields": {
    "name": "FuncTest Basic Org",
    "slug": "functest-basic-org-t76ippq854bvzh5uju6tikbw",
    "description": "Lorem ipsum dolor sit amet, consectetur adipiscing elit. Nulla sed viverra felis. Integer aliquam elit eu elementum consectetur.",
    "archived": false,
    "urls": "[\"http://www.example.com/\"]",
    "contacts": [
      {
        "name": "Contact Person",
        "email": "contact@example.com",
        "tel": "1234567890"
      }
    ],
    "logo": null,
    "created_date": "2017-09-08T00:00:00.000Z",
    "last_updated": "2017-09-08T00:00:00.000Z",
    "access": "public"
  }
},
{
  "model": "organization.organization",
  "pk": "f5rbbkyeqw8jei44apqhfkrw",
  "fields": {
    "name": "FuncTest Another Org",
    "slug": "functest-another-org-f5rbbkyeqw8jei44apqhfkrw",
    "description": "",
    "archived": false,
    "urls": "[]",
    "contacts": [],
    "logo": null,
    "created_date": "2017-09-25T00:00:00.000Z",
    "last_updated": "2017-09-25T00:00:00.000Z",
    "access": "public"
  }
},
{
  "model": "organization.organization",
  "pk": "gqipwy974q4pa5mtc2pa4rbq",
  "fields": {
    "name": "FuncTest Archivable Org",
    "slug": "functest-archivable-org-gqipwy974q4pa5mtc2pa4rbq",
    "description": "",
    "archived": false,
    "urls": "[]",
    "contacts": [],
    "logo": null,
    "created_date": "2017-10-04T00:00:00.000Z",
    "last_updated": "2017-10-04T00:00:00.000Z",
    "access": "public"
  }
},
{
  "model": "organization.organizationrole",
  "pk": "sh72yitpg38qmpgwsuj78d2y",
  "fields": {
    "organization": "t76ippq854bvzh5uju6tikbw",
    "user": [
      "functest_org_admin_9y6bf5k395xrezm54h8z4v62"
    ],
    "admin": true,
    "created_date": "2017-09-08T00:00:00.000Z",
    "last_updated": "2017-09-08T00:00:00.000Z"
  }
},
{
  "model": "organization.organizationrole",
  "pk": "sccwb9mf7w7n4gardcmg4j8r",
  "fields": {
    "organization": "f5rbbkyeqw8jei44apqhfkrw",
    "user": [
      "functest_org_admin_9y6bf5k395xrezm54h8z4v62"
    ],
    "admin": true,
    "created_date": "2017-09-25T00:00:00.000Z",
    "last_updated": "2017-09-25T00:00:00.000Z"
  }
},
{
  "model": "organization.organizationrole",
  "pk": "k2zsrkrhdc36b7338rz3wbb4",
  "fields": {
    "organization": "gqipwy974q4pa5mtc2pa4rbq",
    "user": [
      "functest_org_admin_9y6bf5k395xrezm54h8z4v62"
    ],
    "admin": true,
    "created_date": "2017-10-04T00:00:00.000Z",
    "last_updated": "2017-10-04T00:00:00.000Z"
  }
},
{
  "model": "organization.organizationrole",
  "pk": "bqz3zapridkcsvgqn46nn7zh",
  "fields": {
    "organization": "t76ippq854bvzh5uju6tikbw",
    "user": [
      "functest_org_member_ku4hvskari5jzs4peadicqck"
    ],
    "admin": false,
    "created_date": "2017-09-08T00:00:00.000Z",
    "last_updated": "2017-09-08T00:00:00.000Z"
  }
},
{
  "model": "organization.organizationrole",
  "pk": "45ajxr48pwhs3ppbvq3fzeqn",
  "fields": {
    "organization": "t76ippq854bvzh5uju6tikbw",
    "user": [
      "functest_prj_manager_spj3de5tqkxt3dferaycyhiu"
    ],
    "admin": false,
    "created_date": "2017-09-27T00:00:00.000Z",
    "last_updated": "2017-09-27T00:00:00.000Z"
  }
},
{
  "model": "organization.organizationrole",
  "pk": "c4xe3cb3t5qm9unrmxgy93jx",
  "fields": {
    "organization": "t76ippq854bvzh5uju6tikbw",
    "user": [
      "functest_data_collector_q2gwagxrxanav2j6h8bih393"
    ],
    "admin": false,
    "created_date": "2017-11-08T00:00:00.000Z",
    "last_updated": "2017-11-08T00:00:00.000Z"
  }
},
{
  "model": "organization.organizationrole",
  "pk": "3sjs6ycunc97ufjp8x74i598",
  "fields": {
    "organization": "t76ippq854bvzh5uju6tikbw",
    "user": [
      "functest_prj_user_5xjg9xz4m9xmz2gx8b78hqqz"
    ],
    "admin": false,
    "created_date": "2017-11-09T00:00:00.000Z",
    "last_updated": "2017-11-09T00:00:00.000Z"
  }
},
{
  "model": "organization.organizationrole",
  "pk": "wce4cxfryha52f5nbgatkjrj",
  "fields": {
    "organization": "t76ippq854bvzh5uju6tikbw",
    "user": [
      "functest_dummy1_53t6bsjs8tyrqp6p5p4szbxt"
    ],
    "admin": false,
    "created_date": "2017-12-05T00:00:00.000Z",
    "last_updated": "2017-12-05T00:00:00.000Z"
  }
},
{
  "model": "organization.organizationrole",
  "pk": "eds4vs5hps63wypkhp6yyw66",
  "fields": {
    "organization": "t76ippq854bvzh5uju6tikbw",
    "user": [
      "functest_dummy2_84yz2wmamucz5dnxe4u3c9hw"
    ],
    "admin": false,
    "created_date": "2017-12-05T00:00:00.000Z",
    "last_updated": "2017-12-05T00:00:00.000Z"
  }
},
{
  "model": "organization.organizationrole",
  "pk": "7bvwcfdtmtuu33nphsi96vkx",
  "fields": {
    "organization": "t76ippq854bvzh5uju6tikbw",
    "user": [
      "functest_dummy3_633ev4vcxb6i4rpy2t44xjph"
    ],
    "admin": false,
    "created_date": "2017-12-05T00:00:00.000Z",
    "last_updated": "2017-12-05T00:00:00.000Z"
  }
},
{
  "model": "organization.organizationrole",
  "pk": "6zjwcr76jkfq979a25bk7g9k",
  "fields": {
    "organization": "t76ippq854bvzh5uju6tikbw",
    "user": [
      "functest_dummy4_ib3cvw5a8fztfdmm28it5rzs"
    ],
    "admin": false,
    "created_date": "2017-12-05T00:00:00.000Z",
    "last_updated": "2017-12-05T00:00:00.000Z"
  }
},
{
  "model": "organization.organizationrole",
  "pk": "dqe89z8j9aknn6g4etfd9e8z",
  "fields": {
    "organization": "t76ippq854bvzh5uju6tikbw",
    "user": [
      "functest_dummy5_cmznkihmkcj529eaiayzz28m"
    ],
    "admin": false,
    "created_date": "2017-12-05T00:00:00.000Z",
    "last_updated": "2017-12-05T00:00:00.000Z"
  }
},
{
  "model": "organization.organizationrole",
  "pk": "362wfpajyashdb3kyhmcuvxc",
  "fields": {
    "organization": "t76ippq854bvzh5uju6tikbw",
    "user": [
      "functest_dummy6_baxr2knigacj28xcfjsimhj7"
    ],
    "admin": false,
    "created_date": "2017-12-05T00:00:00.000Z",
    "last_updated": "2017-12-05T00:00:00.000Z"
  }
},
{
  "model": "organization.organizationrole",
  "pk": "c76m52ympf4nr22wnqq3madk",
  "fields": {
    "organization": "t76ippq854bvzh5uju6tikbw",
    "user": [
      "functest_dummy7_bay4rw7jbwkz8knerzcpew46"
    ],
    "admin": false,
    "created_date": "2017-12-05T00:00:00.000Z",
    "last_updated": "2017-12-05T00:00:00.000Z"
  }
},
{
  "model": "organization.project",
  "pk": "e9v8ezdrtygish5vqcrpkm82",
  "fields": {
    "name": "FuncTest Basic Prj",
    "slug": "functest-basic-prj-e9v8ezdrtygish5vqcrpkm82",
    "organization": "t76ippq854bvzh5uju6tikbw",
    "country": "",
    "description": "Lorem ipsum dolor sit amet, consectetur adipiscing elit. Nulla sed viverra felis. Integer aliquam elit eu elementum consectetur.",
    "archived": false,
    "urls": "[\"http://example.com\"]",
    "contacts": [
      {
        "name": "Contact Person",
        "tel": "1234567890",
        "email": "contact@example.com"
      }
    ],
    "extent": "SRID=4326;POLYGON ((0 0, 0 1, 1 1, 1 0, 0 0))",
    "access": "public",
    "current_questionnaire": null,
    "area": 0.0,
    "created_date": "2017-09-27T00:00:00.000Z",
    "last_updated": "2017-09-27T00:00:00.000Z"
  }
},
{
  "model": "organization.project",
  "pk": "cqptmp935n9qvqj532xb45v5",
  "fields": {
    "name": "FuncTest Private Prj",
    "slug": "functest-private-prj-cqptmp935n9qvqj532xb45v5",
    "organization": "t76ippq854bvzh5uju6tikbw",
    "country": "",
    "description": "",
    "archived": false,
    "urls": "[]",
    "contacts": [],
    "extent": "SRID=4326;POLYGON ((1 1, 1 2, 2 2, 2 1, 1 1))",
    "access": "private",
    "current_questionnaire": null,
    "area": 0.0,
    "created_date": "2017-10-02T00:00:00.000Z",
    "last_updated": "2017-10-02T00:00:00.000Z"
  }
},
{
  "model": "organization.project",
  "pk": "pz58z4s2wfvp2sin2z6k3jbv",
  "fields": {
    "name": "FuncTest Records Prj",
    "slug": "functest-records-prj-pz58z4s2wfvp2sin2z6k3jbv",
    "organization": "t76ippq854bvzh5uju6tikbw",
    "country": "",
    "description": "",
    "archived": false,
    "urls": "[]",
    "contacts": [],
    "extent": null,
    "access": "public",
    "current_questionnaire": null,
    "area": 0.0,
    "created_date": "2017-11-10T00:00:00.000Z",
    "last_updated": "2017-11-10T00:00:00.000Z"
  }
},
{
  "model": "organization.project",
  "pk": "9zz5r4cn7kkhgbutnpdc3i4d",
  "fields": {
    "name": "FuncTest Custom Attrs Prj",
    "slug": "functest-custom-attrs-prj-9zz5r4cn7kkhgbutnpdc3i4d",
    "organization": "t76ippq854bvzh5uju6tikbw",
    "country": "",
    "description": "",
    "archived": false,
    "urls": "[]",
    "contacts": [],
    "extent": null,
    "access": "public",
    "current_questionnaire": "hustr7kgtgespvfkw7fabvbn",
    "area": 0.0,
    "created_date": "2017-11-13T00:00:00.000Z",
    "last_updated": "2017-11-13T00:00:00.000Z"
  }
},
{
  "model": "organization.project",
  "pk": "m6bv5m6jux2jw2pammsacpgp",
  "fields": {
    "name": "FuncTest Conditional Attrs Prj",
    "slug": "functest-conditional-attrs-prj-m6bv5m6jux2j",
    "organization": "t76ippq854bvzh5uju6tikbw",
    "country": "",
    "description": "",
    "archived": false,
    "urls": "[]",
    "contacts": [],
    "extent": null,
    "access": "public",
    "current_questionnaire": "4bxvxpk6t2ywhak8wrgem7xi",
    "area": 0.0,
    "created_date": "2017-11-14T00:00:00.000Z",
    "last_updated": "2017-11-14T00:00:00.000Z"
  }
},
{
  "model": "organization.project",
  "pk": "b2k5bruyxmh2ynicnzpeqt9k",
  "fields": {
    "name": "FuncTest Another Prj",
    "slug": "functest-another-prj-b2k5bruyxmh2ynicnzpeqt9k",
    "organization": "f5rbbkyeqw8jei44apqhfkrw",
    "country": "",
    "description": "",
    "archived": false,
    "urls": "[]",
    "contacts": [],
    "extent": null,
    "access": "public",
    "current_questionnaire": null,
    "area": 0.0,
    "created_date": "2017-09-29T00:00:00.000Z",
    "last_updated": "2017-09-29T00:00:00.000Z"
  }
},
{
  "model": "organization.projectrole",
  "pk": "jbkwynqtggew8m5vbvv9ewp4",
  "fields": {
    "project": "e9v8ezdrtygish5vqcrpkm82",
    "user": [
      "functest_prj_manager_spj3de5tqkxt3dferaycyhiu"
    ],
    "role": "PM",
    "created_date": "2017-09-27T00:00:00.000Z",
    "last_updated": "2017-09-27T00:00:00.000Z"
  }
},
{
  "model": "organization.projectrole",
  "pk": "vbv6qnaerhfmid3gbfxcin94",
  "fields": {
    "project": "e9v8ezdrtygish5vqcrpkm82",
    "user": [
      "functest_data_collector_q2gwagxrxanav2j6h8bih393"
    ],
    "role": "DC",
    "created_date": "2017-11-08T00:00:00.000Z",
    "last_updated": "2017-11-08T00:00:00.000Z"
  }
},
{
  "model": "organization.projectrole",
  "pk": "qfqbcebbwu9qp5gkcqbux7vm",
  "fields": {
    "project": "e9v8ezdrtygish5vqcrpkm82",
    "user": [
      "functest_prj_user_5xjg9xz4m9xmz2gx8b78hqqz"
    ],
    "role": "PU",
    "created_date": "2017-11-09T00:00:00.000Z",
    "last_updated": "2017-11-09T00:00:00.000Z"
  }
},
{
  "model": "organization.projectrole",
  "pk": "p65mazscqx5hmfqqe9iyag49",
  "fields": {
    "project": "pz58z4s2wfvp2sin2z6k3jbv",
    "user": [
      "functest_data_collector_q2gwagxrxanav2j6h8bih393"
    ],
    "role": "DC",
    "created_date": "2017-11-10T00:00:00.000Z",
    "last_updated": "2017-11-10T00:00:00.000Z"
  }
},
{
  "model": "organization.projectrole",
  "pk": "xitd4a2dgp47pak5pn2xu7yx",
  "fields": {
    "project": "pz58z4s2wfvp2sin2z6k3jbv",
    "user": [
      "functest_prj_user_5xjg9xz4m9xmz2gx8b78hqqz"
    ],
    "role": "PU",
    "created_date": "2017-11-10T00:00:00.000Z",
    "last_updated": "2017-11-10T00:00:00.000Z"
  }
},
{
  "model": "organization.projectrole",
  "pk": "abqfhm789xpfc27zjska7c65",
  "fields": {
    "project": "9zz5r4cn7kkhgbutnpdc3i4d",
    "user": [
      "functest_data_collector_q2gwagxrxanav2j6h8bih393"
    ],
    "role": "DC",
    "created_date": "2017-11-13T00:00:00.000Z",
    "last_updated": "2017-11-13T00:00:00.000Z"
  }
},
{
  "model": "organization.projectrole",
  "pk": "gwzxfh73az6ds22jutqiyfme",
  "fields": {
    "project": "m6bv5m6jux2jw2pammsacpgp",
    "user": [
      "functest_data_collector_q2gwagxrxanav2j6h8bih393"
    ],
    "role": "DC",
    "created_date": "2017-11-14T00:00:00.000Z",
    "last_updated": "2017-11-14T00:00:00.000Z"
  }
},
{
  "model": "party.party",
  "pk": "ve8cg328dtnm93rd3yb4tifw",
  "fields": {
    "project": "pz58z4s2wfvp2sin2z6k3jbv",
    "name": "Basic Individual",
    "type": "IN",
    "attributes": {},
    "created_date": "2017-11-10T00:00:00.000Z",
    "last_updated": "2017-11-10T00:00:00.000Z"
  }
},
{
  "model": "spatial.spatialunit",
  "pk": "xqzcnvuy7u9gywqkp2xa3rbn",
  "fields": {
    "project": "pz58z4s2wfvp2sin2z6k3jbv",
    "type": "PA",
    "geometry": "SRID=4326;POLYGON ((1 1, 1 2, 2 2, 2 1, 1 1))",
    "area": 100,
    "attributes": {},
    "created_date": "2017-11-23T00:00:00.000Z",
    "last_updated": "2017-11-23T00:00:00.000Z"
  }
}
]
