[
{
  "model": "jsonattrs.schema",
  "pk": 1,
  "fields": {
    "content_type": [
      "spatial",
      "spatialunit"
    ],
    "selectors": "[\"t76ippq854bvzh5uju6tikbw\", \"9zz5r4cn7kkhgbutnpdc3i4d\", \"hustr7kgtgespvfkw7fabvbn\"]",
    "default_language": "en"
  }
},
{
  "model": "jsonattrs.schema",
  "pk": 2,
  "fields": {
    "content_type": [
      "party",
      "party"
    ],
    "selectors": "[\"t76ippq854bvzh5uju6tikbw\", \"9zz5r4cn7kkhgbutnpdc3i4d\", \"hustr7kgtgespvfkw7fabvbn\"]",
    "default_language": "en"
  }
},
{
  "model": "jsonattrs.schema",
  "pk": 3,
  "fields": {
    "content_type": [
      "party",
      "tenurerelationship"
    ],
    "selectors": "[\"t76ippq854bvzh5uju6tikbw\", \"9zz5r4cn7kkhgbutnpdc3i4d\", \"hustr7kgtgespvfkw7fabvbn\"]",
    "default_language": "en"
  }
},
{
  "model": "jsonattrs.schema",
  "pk": 4,
  "fields": {
    "content_type": [
      "party",
      "party"
    ],
    "selectors": "[\"t76ippq854bvzh5uju6tikbw\", \"m6bv5m6jux2jw2pammsacpgp\", \"4bxvxpk6t2ywhak8wrgem7xi\"]",
    "default_language": "en"
  }
},
{
  "model": "jsonattrs.schema",
  "pk": 5,
  "fields": {
    "content_type": [
      "party",
      "party"
    ],
    "selectors": "[\"t76ippq854bvzh5uju6tikbw\", \"m6bv5m6jux2jw2pammsacpgp\", \"4bxvxpk6t2ywhak8wrgem7xi\", \"IN\"]",
    "default_language": "en"
  }
},
{
  "model": "jsonattrs.schema",
  "pk": 6,
  "fields": {
    "content_type": [
      "party",
      "party"
    ],
    "selectors": "[\"t76ippq854bvzh5uju6tikbw\", \"m6bv5m6jux2jw2pammsacpgp\", \"4bxvxpk6t2ywhak8wrgem7xi\", \"GR\"]",
    "default_language": "en"
  }
},
{
  "model": "jsonattrs.schema",
  "pk": 7,
  "fields": {
    "content_type": [
      "party",
      "party"
    ],
    "selectors": "[\"t76ippq854bvzh5uju6tikbw\", \"m6bv5m6jux2jw2pammsacpgp\", \"4bxvxpk6t2ywhak8wrgem7xi\", \"CO\"]",
    "default_language": "en"
  }
},
{
  "model": "jsonattrs.attribute",
  "fields": {
    "schema": 1,
    "name": "location_name",
    "long_name_xlat": {
      "es": "Nombre de localizaci\u00f3n",
      "en": "Location name"
    },
    "attr_type": 2,
    "index": 1,
    "choices": "[]",
    "choice_labels_xlat": null,
    "default": "",
    "required": false,
    "omit": false
  }
},
{
  "model": "jsonattrs.attribute",
  "fields": {
    "schema": 2,
    "name": "registration",
    "long_name_xlat": {
      "es": "Fecha de la registracion",
      "en": "Date of registration"
    },
    "attr_type": 4,
    "index": 1,
    "choices": "[]",
    "choice_labels_xlat": null,
    "default": "",
    "required": false,
    "omit": false
  }
},
{
  "model": "jsonattrs.attribute",
  "fields": {
    "schema": 3,
    "name": "number_of_documents",
    "long_name_xlat": {
      "es": "N\u00famero de documentos",
      "en": "Number of documents"
    },
    "attr_type": 7,
    "index": 1,
    "choices": "[]",
    "choice_labels_xlat": null,
    "default": "",
    "required": false,
    "omit": false
  }
},
{
  "model": "jsonattrs.attribute",
  "fields": {
    "schema": 4,
    "name": "notes",
    "long_name_xlat": {
      "es": "Notas",
      "en": "Notes"
    },
    "attr_type": 2,
    "index": 1,
    "choices": "[]",
    "choice_labels_xlat": null,
    "default": "",
    "required": false,
    "omit": false
  }
},
{
  "model": "jsonattrs.attribute",
  "fields": {
    "schema": 5,
    "name": "birthdate",
    "long_name_xlat": {
      "es": "Fecha de nacimiento",
      "en": "Birthdate"
    },
    "attr_type": 4,
    "index": 1,
    "choices": "[]",
    "choice_labels_xlat": null,
    "default": "",
    "required": true,
    "omit": false
  }
},
{
  "model": "jsonattrs.attribute",
  "fields": {
    "schema": 6,
    "name": "number_of_members",
    "long_name_xlat": {
      "es": "N\u00famero de miembros",
      "en": "Number of members"
    },
    "attr_type": 7,
    "index": 1,
    "choices": "[]",
    "choice_labels_xlat": null,
    "default": "",
    "required": true,
    "omit": false
  }
},
{
  "model": "jsonattrs.attribute",
  "fields": {
    "schema": 7,
    "name": "registration",
    "long_name_xlat": {
      "es": "Fecha de la registracion",
      "en": "Date of registration"
    },
    "attr_type": 4,
    "index": 1,
    "choices": "[]",
    "choice_labels_xlat": null,
    "default": "",
    "required": true,
    "omit": false
  }
},
{
  "model": "questionnaires.questionnaire",
  "pk": "hustr7kgtgespvfkw7fabvbn",
  "fields": {
    "filename": "tte7da4j8tm39cssc798n8bm",
    "title": "Custom",
    "id_string": "Custom",
    "default_language": "en",
    "xls_form": true,
    "xml_form": true,
    "original_file": "Questionnaire with custom attributes.xlsx",
    "project": "9zz5r4cn7kkhgbutnpdc3i4d",
    "version": 2017111314435392,
    "md5_hash": "9ac4f4ab6a7b338e608fb467abd6812c",
    "created_date": "2017-11-13T00:00:00.000Z",
    "last_updated": "2017-11-13T00:00:00.000Z"
  }
},
{
  "model": "questionnaires.questiongroup",
  "pk": "s5d5bzex6fncru3cqvyq9z6e",
  "fields": {
    "name": "location_attributes",
    "label_xlat": {
      "es": "Atributos de localizaci\u00f3n",
      "en": "Location Attributes"
    },
    "relevant": null,
    "questionnaire": "hustr7kgtgespvfkw7fabvbn",
    "question_group": null,
    "type": "group",
    "index": 13,
    "created_date": "2017-11-13T00:00:00.000Z",
    "last_updated": "2017-11-13T00:00:00.000Z"
  }
},
{
  "model": "questionnaires.questiongroup",
  "pk": "wxtctbitbun89db36i9r3rs4",
  "fields": {
    "name": "party_attributes_default",
    "label_xlat": {
      "es": "Atributos de la persona",
      "en": "Default party Attributes"
    },
    "relevant": null,
    "questionnaire": "hustr7kgtgespvfkw7fabvbn",
    "question_group": null,
    "type": "group",
    "index": 14,
    "created_date": "2017-11-13T00:00:00.000Z",
    "last_updated": "2017-11-13T00:00:00.000Z"
  }
},
{
  "model": "questionnaires.questiongroup",
  "pk": "nxhfi6pgx9xkukzd73ptg3ps",
  "fields": {
    "name": "tenure_relationship_attributes",
    "label_xlat": {
      "es": "Atributos de la relaci\u00f3n de propiedad",
      "en": "Tenure relationship attributes"
    },
    "relevant": null,
    "questionnaire": "hustr7kgtgespvfkw7fabvbn",
    "question_group": null,
    "type": "group",
    "index": 15,
    "created_date": "2017-11-13T00:00:00.000Z",
    "last_updated": "2017-11-13T00:00:00.000Z"
  }
},
{
  "model": "questionnaires.questiongroup",
  "pk": "zg44a2jy4kam52yf2zf8y6ih",
  "fields": {
    "name": "meta",
    "label_xlat": {},
    "relevant": null,
    "questionnaire": "hustr7kgtgespvfkw7fabvbn",
    "question_group": null,
    "type": "group",
    "index": 16,
    "created_date": "2017-11-13T00:00:00.000Z",
    "last_updated": "2017-11-13T00:00:00.000Z"
  }
},
{
  "model": "questionnaires.question",
  "pk": "q89eknzjjwkwam4p9tfr96yf",
  "fields": {
    "name": "instanceID",
    "label_xlat": {},
    "type": "CA",
    "required": false,
    "default": null,
    "gps_accuracy": null,
    "hint": null,
    "relevant": null,
    "constraint": null,
    "questionnaire": "hustr7kgtgespvfkw7fabvbn",
    "question_group": "zg44a2jy4kam52yf2zf8y6ih",
    "index": 0,
    "created_date": "2017-11-13T00:00:00.000Z",
    "last_updated": "2017-11-13T00:00:00.000Z"
  }
},
{
  "model": "questionnaires.question",
  "pk": "wmfie8vgbvy722ix5fft4yrz",
  "fields": {
    "name": "start",
    "label_xlat": {},
    "type": "ST",
    "required": false,
    "default": null,
    "gps_accuracy": null,
    "hint": null,
    "relevant": null,
    "constraint": null,
    "questionnaire": "hustr7kgtgespvfkw7fabvbn",
    "question_group": null,
    "index": 0,
    "created_date": "2017-11-13T00:00:00.000Z",
    "last_updated": "2017-11-13T00:00:00.000Z"
  }
},
{
  "model": "questionnaires.question",
  "pk": "7vy9nsca3yehubs332tq5bep",
  "fields": {
    "name": "end",
    "label_xlat": {},
    "type": "EN",
    "required": false,
    "default": null,
    "gps_accuracy": null,
    "hint": null,
    "relevant": null,
    "constraint": null,
    "questionnaire": "hustr7kgtgespvfkw7fabvbn",
    "question_group": null,
    "index": 1,
    "created_date": "2017-11-13T00:00:00.000Z",
    "last_updated": "2017-11-13T00:00:00.000Z"
  }
},
{
  "model": "questionnaires.question",
  "pk": "8wgc3cxeuxmepka6j97p9jx6",
  "fields": {
    "name": "today",
    "label_xlat": {},
    "type": "TD",
    "required": false,
    "default": null,
    "gps_accuracy": null,
    "hint": null,
    "relevant": null,
    "constraint": null,
    "questionnaire": "hustr7kgtgespvfkw7fabvbn",
    "question_group": null,
    "index": 2,
    "created_date": "2017-11-13T00:00:00.000Z",
    "last_updated": "2017-11-13T00:00:00.000Z"
  }
},
{
  "model": "questionnaires.question",
  "pk": "tcp3kfyhwykzwr2n6k3w697z",
  "fields": {
    "name": "deviceid",
    "label_xlat": {},
    "type": "DI",
    "required": false,
    "default": null,
    "gps_accuracy": null,
    "hint": null,
    "relevant": null,
    "constraint": null,
    "questionnaire": "hustr7kgtgespvfkw7fabvbn",
    "question_group": null,
    "index": 3,
    "created_date": "2017-11-13T00:00:00.000Z",
    "last_updated": "2017-11-13T00:00:00.000Z"
  }
},
{
  "model": "questionnaires.question",
  "pk": "r55a7mhegz78sge4wbazysq4",
  "fields": {
    "name": "title",
    "label_xlat": {
      "es": "Custom Attributes",
      "en": "Custom Attributes"
    },
    "type": "NO",
    "required": false,
    "default": null,
    "gps_accuracy": null,
    "hint": null,
    "relevant": null,
    "constraint": null,
    "questionnaire": "hustr7kgtgespvfkw7fabvbn",
    "question_group": null,
    "index": 4,
    "created_date": "2017-11-13T00:00:00.000Z",
    "last_updated": "2017-11-13T00:00:00.000Z"
  }
},
{
  "model": "questionnaires.question",
  "pk": "df7n8qsyi7hggtgs55pm3rzd",
  "fields": {
    "name": "party_type",
    "label_xlat": {
      "es": "Clasificaci\u00f3n",
      "en": "Party Type"
    },
    "type": "S1",
    "required": true,
    "default": null,
    "gps_accuracy": null,
    "hint": null,
    "relevant": null,
    "constraint": null,
    "questionnaire": "hustr7kgtgespvfkw7fabvbn",
    "question_group": null,
    "index": 5,
    "created_date": "2017-11-13T00:00:00.000Z",
    "last_updated": "2017-11-13T00:00:00.000Z"
  }
},
{
  "model": "questionnaires.question",
  "pk": "yitvw988fpwp46gnfq26dkar",
  "fields": {
    "name": "party_name",
    "label_xlat": {
      "es": "Nombre de la persona",
      "en": "People Name(s)"
    },
    "type": "TX",
    "required": true,
    "default": null,
    "gps_accuracy": null,
    "hint": null,
    "relevant": null,
    "constraint": null,
    "questionnaire": "hustr7kgtgespvfkw7fabvbn",
    "question_group": null,
    "index": 6,
    "created_date": "2017-11-13T00:00:00.000Z",
    "last_updated": "2017-11-13T00:00:00.000Z"
  }
},
{
  "model": "questionnaires.question",
  "pk": "gu52seikjubaruxhy3m26e8b",
  "fields": {
    "name": "tenure_type",
    "label_xlat": {
      "es": "Tipo de relaci\u00f3n",
      "en": "Relationship type"
    },
    "type": "S1",
    "required": true,
    "default": null,
    "gps_accuracy": null,
    "hint": null,
    "relevant": null,
    "constraint": null,
    "questionnaire": "hustr7kgtgespvfkw7fabvbn",
    "question_group": null,
    "index": 7,
    "created_date": "2017-11-13T00:00:00.000Z",
    "last_updated": "2017-11-13T00:00:00.000Z"
  }
},
{
  "model": "questionnaires.question",
  "pk": "56v7xu44npnp72wub4h5sy9d",
  "fields": {
    "name": "geo_type",
    "label_xlat": {
      "es": "Seleccione el tipo de recogida de geometr\u00eda",
      "en": "Select type of geo collection"
    },
    "type": "S1",
    "required": true,
    "default": "geotrace",
    "gps_accuracy": null,
    "hint": null,
    "relevant": null,
    "constraint": null,
    "questionnaire": "hustr7kgtgespvfkw7fabvbn",
    "question_group": null,
    "index": 8,
    "created_date": "2017-11-13T00:00:00.000Z",
    "last_updated": "2017-11-13T00:00:00.000Z"
  }
},
{
  "model": "questionnaires.question",
  "pk": "9nq3s5ncqhwhj39dfnrmaxvi",
  "fields": {
    "name": "location_geoshape",
    "label_xlat": {
      "es": "Dibuje las coordenadas en el mapa",
      "en": "Draw the location boundaries on the map"
    },
    "type": "GS",
    "required": true,
    "default": null,
    "gps_accuracy": null,
    "hint": null,
    "relevant": "${geo_type}='geoshape'",
    "constraint": null,
    "questionnaire": "hustr7kgtgespvfkw7fabvbn",
    "question_group": null,
    "index": 9,
    "created_date": "2017-11-13T00:00:00.000Z",
    "last_updated": "2017-11-13T00:00:00.000Z"
  }
},
{
  "model": "questionnaires.question",
  "pk": "xwu863kwea5cra4hkat43c2x",
  "fields": {
    "name": "location_geotrace",
    "label_xlat": {
      "es": "Camine alrededor del l\u00edmite de la localizaci\u00f3n",
      "en": "Trace the location boundaries"
    },
    "type": "GT",
    "required": true,
    "default": null,
    "gps_accuracy": null,
    "hint": null,
    "relevant": "${geo_type}='geotrace'",
    "constraint": null,
    "questionnaire": "hustr7kgtgespvfkw7fabvbn",
    "question_group": null,
    "index": 10,
    "created_date": "2017-11-13T00:00:00.000Z",
    "last_updated": "2017-11-13T00:00:00.000Z"
  }
},
{
  "model": "questionnaires.question",
  "pk": "xxuv75z2gppgeb6ps3fv6jmy",
  "fields": {
    "name": "location_geometry",
    "label_xlat": {
      "es": "Seleccione un punto en el mapa",
      "en": "Select a point on the map"
    },
    "type": "GP",
    "required": true,
    "default": null,
    "gps_accuracy": null,
    "hint": null,
    "relevant": "${geo_type}='geopoint'",
    "constraint": null,
    "questionnaire": "hustr7kgtgespvfkw7fabvbn",
    "question_group": null,
    "index": 11,
    "created_date": "2017-11-13T00:00:00.000Z",
    "last_updated": "2017-11-13T00:00:00.000Z"
  }
},
{
  "model": "questionnaires.question",
  "pk": "5pgfrvf6yeyt5usy9xsgv69m",
  "fields": {
    "name": "location_type",
    "label_xlat": {
      "es": "Tipo de localizaci\u00f3n",
      "en": "Location type"
    },
    "type": "S1",
    "required": true,
    "default": null,
    "gps_accuracy": null,
    "hint": null,
    "relevant": null,
    "constraint": null,
    "questionnaire": "hustr7kgtgespvfkw7fabvbn",
    "question_group": null,
    "index": 12,
    "created_date": "2017-11-13T00:00:00.000Z",
    "last_updated": "2017-11-13T00:00:00.000Z"
  }
},
{
  "model": "questionnaires.question",
  "pk": "uiypz6f59r253ua8dygef537",
  "fields": {
    "name": "location_name",
    "label_xlat": {
      "es": "Nombre de localizaci\u00f3n",
      "en": "Location name"
    },
    "type": "TX",
    "required": false,
    "default": null,
    "gps_accuracy": null,
    "hint": null,
    "relevant": null,
    "constraint": null,
    "questionnaire": "hustr7kgtgespvfkw7fabvbn",
    "question_group": "s5d5bzex6fncru3cqvyq9z6e",
    "index": 0,
    "created_date": "2017-11-13T00:00:00.000Z",
    "last_updated": "2017-11-13T00:00:00.000Z"
  }
},
{
  "model": "questionnaires.question",
  "pk": "vn3gnnicfinm8zuu432cnjyz",
  "fields": {
    "name": "registration",
    "label_xlat": {
      "es": "Fecha de la registracion",
      "en": "Date of registration"
    },
    "type": "DA",
    "required": false,
    "default": null,
    "gps_accuracy": null,
    "hint": null,
    "relevant": null,
    "constraint": null,
    "questionnaire": "hustr7kgtgespvfkw7fabvbn",
    "question_group": "wxtctbitbun89db36i9r3rs4",
    "index": 0,
    "created_date": "2017-11-13T00:00:00.000Z",
    "last_updated": "2017-11-13T00:00:00.000Z"
  }
},
{
  "model": "questionnaires.question",
  "pk": "q8wwjjswimr5gd5667xwijgv",
  "fields": {
    "name": "number_of_documents",
    "label_xlat": {
      "es": "N\u00famero de documentos",
      "en": "Number of documents"
    },
    "type": "IN",
    "required": false,
    "default": null,
    "gps_accuracy": null,
    "hint": null,
    "relevant": null,
    "constraint": null,
    "questionnaire": "hustr7kgtgespvfkw7fabvbn",
    "question_group": "nxhfi6pgx9xkukzd73ptg3ps",
    "index": 0,
    "created_date": "2017-11-13T00:00:00.000Z",
    "last_updated": "2017-11-13T00:00:00.000Z"
  }
},
{
  "model": "questionnaires.questionoption",
  "pk": "fasbyngsyc2y2vnk26y4mfa7",
  "fields": {
    "name": "geoshape",
    "label_xlat": {
      "es": "Dibuje las coordenadas en el mapa",
      "en": "Draw boundary coordinates on a map"
    },
    "index": 1,
    "question": "56v7xu44npnp72wub4h5sy9d",
    "created_date": "2017-11-13T00:00:00.000Z",
    "last_updated": "2017-11-13T00:00:00.000Z"
  }
},
{
  "model": "questionnaires.questionoption",
  "pk": "wnnc59a7byiz9qa6nkxic4sh",
  "fields": {
    "name": "geotrace",
    "label_xlat": {
      "es": "Camine alrededor del l\u00edmite de la localizaci\u00f3n",
      "en": "Walk around the boundaries"
    },
    "index": 2,
    "question": "56v7xu44npnp72wub4h5sy9d",
    "created_date": "2017-11-13T00:00:00.000Z",
    "last_updated": "2017-11-13T00:00:00.000Z"
  }
},
{
  "model": "questionnaires.questionoption",
  "pk": "psfta96p9tsxy77drrsuctub",
  "fields": {
    "name": "geopoint",
    "label_xlat": {
      "es": "Seleccione un punto en el mapa",
      "en": "Select a point on the map"
    },
    "index": 3,
    "question": "56v7xu44npnp72wub4h5sy9d",
    "created_date": "2017-11-13T00:00:00.000Z",
    "last_updated": "2017-11-13T00:00:00.000Z"
  }
},
{
  "model": "questionnaires.questionoption",
  "pk": "cucqu4svsumtd5miqypn6qqm",
  "fields": {
    "name": "PA",
    "label_xlat": {
      "es": "Parcela",
      "en": "Parcel"
    },
    "index": 1,
    "question": "5pgfrvf6yeyt5usy9xsgv69m",
    "created_date": "2017-11-13T00:00:00.000Z",
    "last_updated": "2017-11-13T00:00:00.000Z"
  }
},
{
  "model": "questionnaires.questionoption",
  "pk": "fapxujvgseikmnqhs47xc35v",
  "fields": {
    "name": "CB",
    "label_xlat": {
      "es": "L\u00edmite de comunidad",
      "en": "Community Boundary"
    },
    "index": 2,
    "question": "5pgfrvf6yeyt5usy9xsgv69m",
    "created_date": "2017-11-13T00:00:00.000Z",
    "last_updated": "2017-11-13T00:00:00.000Z"
  }
},
{
  "model": "questionnaires.questionoption",
  "pk": "j6tnk8kj8naumr7is2f5c5p5",
  "fields": {
    "name": "BU",
    "label_xlat": {
      "es": "Edificio",
      "en": "Building"
    },
    "index": 3,
    "question": "5pgfrvf6yeyt5usy9xsgv69m",
    "created_date": "2017-11-13T00:00:00.000Z",
    "last_updated": "2017-11-13T00:00:00.000Z"
  }
},
{
  "model": "questionnaires.questionoption",
  "pk": "5fvi3v6irghxzzsd5xq4zpyq",
  "fields": {
    "name": "AP",
    "label_xlat": {
      "es": "Apartamento",
      "en": "Apartment"
    },
    "index": 4,
    "question": "5pgfrvf6yeyt5usy9xsgv69m",
    "created_date": "2017-11-13T00:00:00.000Z",
    "last_updated": "2017-11-13T00:00:00.000Z"
  }
},
{
  "model": "questionnaires.questionoption",
  "pk": "sj6ahypsic4kpkqxr2da88kd",
  "fields": {
    "name": "RW",
    "label_xlat": {
      "es": "Derecho de paso",
      "en": "Right-of-way"
    },
    "index": 5,
    "question": "5pgfrvf6yeyt5usy9xsgv69m",
    "created_date": "2017-11-13T00:00:00.000Z",
    "last_updated": "2017-11-13T00:00:00.000Z"
  }
},
{
  "model": "questionnaires.questionoption",
  "pk": "dcfmcduk8yc53e9eqg7kuwi9",
  "fields": {
    "name": "NP",
    "label_xlat": {
      "es": "L\u00edmite de Parque Nacional",
      "en": "National Park Boundary"
    },
    "index": 6,
    "question": "5pgfrvf6yeyt5usy9xsgv69m",
    "created_date": "2017-11-13T00:00:00.000Z",
    "last_updated": "2017-11-13T00:00:00.000Z"
  }
},
{
  "model": "questionnaires.questionoption",
  "pk": "dvagez9ixp6w9nppjeuan8yg",
  "fields": {
    "name": "MI",
    "label_xlat": {
      "es": "Miscel\u00e1nea",
      "en": "Miscellaneous"
    },
    "index": 7,
    "question": "5pgfrvf6yeyt5usy9xsgv69m",
    "created_date": "2017-11-13T00:00:00.000Z",
    "last_updated": "2017-11-13T00:00:00.000Z"
  }
},
{
  "model": "questionnaires.questionoption",
  "pk": "zgtqkd8cuvzabzfevj67umr9",
  "fields": {
    "name": "GR",
    "label_xlat": {
      "es": "Grupo",
      "en": "Group"
    },
    "index": 1,
    "question": "df7n8qsyi7hggtgs55pm3rzd",
    "created_date": "2017-11-13T00:00:00.000Z",
    "last_updated": "2017-11-13T00:00:00.000Z"
  }
},
{
  "model": "questionnaires.questionoption",
  "pk": "mn266ngkcng4qpznk8acic39",
  "fields": {
    "name": "IN",
    "label_xlat": {
      "es": "Individuo",
      "en": "Individual"
    },
    "index": 2,
    "question": "df7n8qsyi7hggtgs55pm3rzd",
    "created_date": "2017-11-13T00:00:00.000Z",
    "last_updated": "2017-11-13T00:00:00.000Z"
  }
},
{
  "model": "questionnaires.questionoption",
  "pk": "z2s7xg2nwrxcnm9pnzecxp9p",
  "fields": {
    "name": "CO",
    "label_xlat": {
      "es": "Empresa",
      "en": "Corporation"
    },
    "index": 3,
    "question": "df7n8qsyi7hggtgs55pm3rzd",
    "created_date": "2017-11-13T00:00:00.000Z",
    "last_updated": "2017-11-13T00:00:00.000Z"
  }
},
{
  "model": "questionnaires.questionoption",
  "pk": "ijcrp999imfe2a7mk7q9m9ky",
  "fields": {
    "name": "CR",
    "label_xlat": {
      "es": "Derechos de carbono",
      "en": "Carbon Rights"
    },
    "index": 1,
    "question": "gu52seikjubaruxhy3m26e8b",
    "created_date": "2017-11-13T00:00:00.000Z",
    "last_updated": "2017-11-13T00:00:00.000Z"
  }
},
{
  "model": "questionnaires.questionoption",
  "pk": "rbbqm276rd6gfsgb7qzp2a6a",
  "fields": {
    "name": "CO",
    "label_xlat": {
      "es": "Derechos concesionales",
      "en": "Concessionary Rights"
    },
    "index": 2,
    "question": "gu52seikjubaruxhy3m26e8b",
    "created_date": "2017-11-13T00:00:00.000Z",
    "last_updated": "2017-11-13T00:00:00.000Z"
  }
},
{
  "model": "questionnaires.questionoption",
  "pk": "navpbk82nx3ecx3h9qnapa46",
  "fields": {
    "name": "CU",
    "label_xlat": {
      "es": "Derechos consuetudinarios",
      "en": "Customary Rights"
    },
    "index": 3,
    "question": "gu52seikjubaruxhy3m26e8b",
    "created_date": "2017-11-13T00:00:00.000Z",
    "last_updated": "2017-11-13T00:00:00.000Z"
  }
},
{
  "model": "questionnaires.questionoption",
  "pk": "tnjh7ypj2fwc2rarm6ghwcve",
  "fields": {
    "name": "EA",
    "label_xlat": {
      "es": "Usufructo",
      "en": "Easement"
    },
    "index": 4,
    "question": "gu52seikjubaruxhy3m26e8b",
    "created_date": "2017-11-13T00:00:00.000Z",
    "last_updated": "2017-11-13T00:00:00.000Z"
  }
},
{
  "model": "questionnaires.questionoption",
  "pk": "iyabsss9dh7fcwxxeey8dumr",
  "fields": {
    "name": "ES",
    "label_xlat": {
      "es": "Servidumbre",
      "en": "Equitable Servitude"
    },
    "index": 5,
    "question": "gu52seikjubaruxhy3m26e8b",
    "created_date": "2017-11-13T00:00:00.000Z",
    "last_updated": "2017-11-13T00:00:00.000Z"
  }
},
{
  "model": "questionnaires.questionoption",
  "pk": "4tvpk2hmqvcw3ir5sgmnpj92",
  "fields": {
    "name": "FH",
    "label_xlat": {
      "es": "Propiedad",
      "en": "Freehold"
    },
    "index": 6,
    "question": "gu52seikjubaruxhy3m26e8b",
    "created_date": "2017-11-13T00:00:00.000Z",
    "last_updated": "2017-11-13T00:00:00.000Z"
  }
},
{
  "model": "questionnaires.questionoption",
  "pk": "v27tkm9dr2m34wkitghdrebp",
  "fields": {
    "name": "GR",
    "label_xlat": {
      "es": "Derechos de pastoreo",
      "en": "Grazing Rights"
    },
    "index": 7,
    "question": "gu52seikjubaruxhy3m26e8b",
    "created_date": "2017-11-13T00:00:00.000Z",
    "last_updated": "2017-11-13T00:00:00.000Z"
  }
},
{
  "model": "questionnaires.questionoption",
  "pk": "vx8r3fhdvsgz8fvhknv2p8cc",
  "fields": {
    "name": "HR",
    "label_xlat": {
      "es": "Derechos de caza, pesca o cosecha",
      "en": "Hunting/Fishing/Harvest Rights"
    },
    "index": 8,
    "question": "gu52seikjubaruxhy3m26e8b",
    "created_date": "2017-11-13T00:00:00.000Z",
    "last_updated": "2017-11-13T00:00:00.000Z"
  }
},
{
  "model": "questionnaires.questionoption",
  "pk": "695di4nzbbiij7ymupk8ttj5",
  "fields": {
    "name": "IN",
    "label_xlat": {
      "es": "Derechos de tierras ind\u00edgenas",
      "en": "Indigenous Land Rights"
    },
    "index": 9,
    "question": "gu52seikjubaruxhy3m26e8b",
    "created_date": "2017-11-13T00:00:00.000Z",
    "last_updated": "2017-11-13T00:00:00.000Z"
  }
},
{
  "model": "questionnaires.questionoption",
  "pk": "j8bqbvmzh5g8yth2mmtgha65",
  "fields": {
    "name": "JT",
    "label_xlat": {
      "es": "Tenencia conjunta",
      "en": "Joint Tenancy"
    },
    "index": 10,
    "question": "gu52seikjubaruxhy3m26e8b",
    "created_date": "2017-11-13T00:00:00.000Z",
    "last_updated": "2017-11-13T00:00:00.000Z"
  }
},
{
  "model": "questionnaires.questionoption",
  "pk": "6p7nmbr75839gmsn44cc69au",
  "fields": {
    "name": "LH",
    "label_xlat": {
      "es": "Arrendameiento",
      "en": "Leasehold"
    },
    "index": 11,
    "question": "gu52seikjubaruxhy3m26e8b",
    "created_date": "2017-11-13T00:00:00.000Z",
    "last_updated": "2017-11-13T00:00:00.000Z"
  }
},
{
  "model": "questionnaires.questionoption",
  "pk": "5mkyzfpp3pv3shnf7c5wtvkm",
  "fields": {
    "name": "LL",
    "label_xlat": {
      "es": "Arrendamiento a largo plazo",
      "en": "Longterm leasehold"
    },
    "index": 12,
    "question": "gu52seikjubaruxhy3m26e8b",
    "created_date": "2017-11-13T00:00:00.000Z",
    "last_updated": "2017-11-13T00:00:00.000Z"
  }
},
{
  "model": "questionnaires.questionoption",
  "pk": "rp73dtrx4q8q5znwrsyih49c",
  "fields": {
    "name": "MR",
    "label_xlat": {
      "es": "Derechos mineros",
      "en": "Mineral Rights"
    },
    "index": 13,
    "question": "gu52seikjubaruxhy3m26e8b",
    "created_date": "2017-11-13T00:00:00.000Z",
    "last_updated": "2017-11-13T00:00:00.000Z"
  }
},
{
  "model": "questionnaires.questionoption",
  "pk": "drgb9cx32hnk52qpnhzcc2xr",
  "fields": {
    "name": "OC",
    "label_xlat": {
      "es": "Ocupaci\u00f3n (Sin Derechos Documentados)",
      "en": "Occupancy (No Documented Rights)"
    },
    "index": 14,
    "question": "gu52seikjubaruxhy3m26e8b",
    "created_date": "2017-11-13T00:00:00.000Z",
    "last_updated": "2017-11-13T00:00:00.000Z"
  }
},
{
  "model": "questionnaires.questionoption",
  "pk": "6xtijuhj6f5rg3b5hqinpxef",
  "fields": {
    "name": "TN",
    "label_xlat": {
      "es": "Arrendamiento (subarrendamiento documentado)",
      "en": "Tenancy (Documented Sub-lease)"
    },
    "index": 15,
    "question": "gu52seikjubaruxhy3m26e8b",
    "created_date": "2017-11-13T00:00:00.000Z",
    "last_updated": "2017-11-13T00:00:00.000Z"
  }
},
{
  "model": "questionnaires.questionoption",
  "pk": "ptqi97brnnxyi7mpmaphuc2d",
  "fields": {
    "name": "TC",
    "label_xlat": {
      "es": "Alquiler en com\u00fan",
      "en": "Tenancy in Common"
    },
    "index": 16,
    "question": "gu52seikjubaruxhy3m26e8b",
    "created_date": "2017-11-13T00:00:00.000Z",
    "last_updated": "2017-11-13T00:00:00.000Z"
  }
},
{
  "model": "questionnaires.questionoption",
  "pk": "dmticf2h8drfh2iedh9hkjsi",
  "fields": {
    "name": "UC",
    "label_xlat": {
      "es": "Co-propiedad indivisible",
      "en": "Undivided Co-ownership"
    },
    "index": 17,
    "question": "gu52seikjubaruxhy3m26e8b",
    "created_date": "2017-11-13T00:00:00.000Z",
    "last_updated": "2017-11-13T00:00:00.000Z"
  }
},
{
  "model": "questionnaires.questionoption",
  "pk": "hhrfszrzvis4949kpei2gdtn",
  "fields": {
    "name": "WR",
    "label_xlat": {
      "es": "Derechos de agua",
      "en": "Water Rights"
    },
    "index": 18,
    "question": "gu52seikjubaruxhy3m26e8b",
    "created_date": "2017-11-13T00:00:00.000Z",
    "last_updated": "2017-11-13T00:00:00.000Z"
  }
},
{
  "model": "questionnaires.questionnaire",
  "pk": "4bxvxpk6t2ywhak8wrgem7xi",
  "fields": {
    "filename": "eha8m35667za62thxysh928f",
    "title": "Conditional",
    "id_string": "Conditional",
    "default_language": "en",
    "xls_form": true,
    "xml_form": true,
    "original_file": "Questionnaire with conditional party attributes.xlsx",
    "project": "m6bv5m6jux2jw2pammsacpgp",
    "version": 2017111416321941,
    "md5_hash": "4f35cc3611035be88f40dfa69e8d78f7",
    "created_date": "2017-11-14T00:00:00.000Z",
    "last_updated": "2017-11-14T00:00:00.000Z"
  }
},
{
  "model": "questionnaires.questiongroup",
  "pk": "xi33nsxrfbkjvx9j44c89b8x",
  "fields": {
    "name": "party_attributes_default",
    "label_xlat": {
      "es": "Atributos de la persona",
      "en": "Default party Attributes"
    },
    "relevant": null,
    "questionnaire": "4bxvxpk6t2ywhak8wrgem7xi",
    "question_group": null,
    "type": "group",
    "index": 13,
    "created_date": "2017-11-14T00:00:00.000Z",
    "last_updated": "2017-11-14T00:00:00.000Z"
  }
},
{
  "model": "questionnaires.questiongroup",
  "pk": "ssrccwc6wqph2wy5gaui8agt",
  "fields": {
    "name": "party_attributes_individual",
    "label_xlat": {
      "es": "Atributos individuales",
      "en": "Individual People Attributes"
    },
    "relevant": "${party_type}='IN'",
    "questionnaire": "4bxvxpk6t2ywhak8wrgem7xi",
    "question_group": null,
    "type": "group",
    "index": 14,
    "created_date": "2017-11-14T00:00:00.000Z",
    "last_updated": "2017-11-14T00:00:00.000Z"
  }
},
{
  "model": "questionnaires.questiongroup",
  "pk": "ryvqgxkifqw4i8kbmqetwbgp",
  "fields": {
    "name": "party_attributes_group",
    "label_xlat": {
      "es": "Atributos de grupo",
      "en": "Group People Attributes"
    },
    "relevant": "${party_type}='GR'",
    "questionnaire": "4bxvxpk6t2ywhak8wrgem7xi",
    "question_group": null,
    "type": "group",
    "index": 15,
    "created_date": "2017-11-14T00:00:00.000Z",
    "last_updated": "2017-11-14T00:00:00.000Z"
  }
},
{
  "model": "questionnaires.questiongroup",
  "pk": "4ccdu3g4v5bqzrs4atfnegqj",
  "fields": {
    "name": "party_attributes_corporation",
    "label_xlat": {
      "es": "Atributos de grupo",
      "en": "Corporation People Attributes"
    },
    "relevant": "${party_type}='CO'",
    "questionnaire": "4bxvxpk6t2ywhak8wrgem7xi",
    "question_group": null,
    "type": "group",
    "index": 16,
    "created_date": "2017-11-14T00:00:00.000Z",
    "last_updated": "2017-11-14T00:00:00.000Z"
  }
},
{
  "model": "questionnaires.questiongroup",
  "pk": "zfvens6cqaip3udbbatindef",
  "fields": {
    "name": "meta",
    "label_xlat": {},
    "relevant": null,
    "questionnaire": "4bxvxpk6t2ywhak8wrgem7xi",
    "question_group": null,
    "type": "group",
    "index": 17,
    "created_date": "2017-11-14T00:00:00.000Z",
    "last_updated": "2017-11-14T00:00:00.000Z"
  }
},
{
  "model": "questionnaires.question",
  "pk": "bh3nyezzzpmhkh8ufxfeki87",
  "fields": {
    "name": "instanceID",
    "label_xlat": {},
    "type": "CA",
    "required": false,
    "default": null,
    "gps_accuracy": null,
    "hint": null,
    "relevant": null,
    "constraint": null,
    "questionnaire": "4bxvxpk6t2ywhak8wrgem7xi",
    "question_group": "zfvens6cqaip3udbbatindef",
    "index": 0,
    "created_date": "2017-11-14T00:00:00.000Z",
    "last_updated": "2017-11-14T00:00:00.000Z"
  }
},

{
  "model": "questionnaires.question",
  "pk": "s9aekynmfahfax7zmb9cduxw",
  "fields": {
    "name": "start",
    "label_xlat": {},
    "type": "ST",
    "required": false,
    "default": null,
    "gps_accuracy": null,
    "hint": null,
    "relevant": null,
    "constraint": null,
    "questionnaire": "4bxvxpk6t2ywhak8wrgem7xi",
    "question_group": null,
    "index": 0,
    "created_date": "2017-11-14T00:00:00.000Z",
    "last_updated": "2017-11-14T00:00:00.000Z"
  }
},
{
  "model": "questionnaires.question",
  "pk": "fgibxvnartetrijvf5eib8dc",
  "fields": {
    "name": "end",
    "label_xlat": {},
    "type": "EN",
    "required": false,
    "default": null,
    "gps_accuracy": null,
    "hint": null,
    "relevant": null,
    "constraint": null,
    "questionnaire": "4bxvxpk6t2ywhak8wrgem7xi",
    "question_group": null,
    "index": 1,
    "created_date": "2017-11-14T00:00:00.000Z",
    "last_updated": "2017-11-14T00:00:00.000Z"
  }
},
{
  "model": "questionnaires.question",
  "pk": "9gvrqsp7mn8f7sxf8dxnxmsd",
  "fields": {
    "name": "today",
    "label_xlat": {},
    "type": "TD",
    "required": false,
    "default": null,
    "gps_accuracy": null,
    "hint": null,
    "relevant": null,
    "constraint": null,
    "questionnaire": "4bxvxpk6t2ywhak8wrgem7xi",
    "question_group": null,
    "index": 2,
    "created_date": "2017-11-14T00:00:00.000Z",
    "last_updated": "2017-11-14T00:00:00.000Z"
  }
},
{
  "model": "questionnaires.question",
  "pk": "5e89jcr5jm3hn72tghhix2sx",
  "fields": {
    "name": "deviceid",
    "label_xlat": {},
    "type": "DI",
    "required": false,
    "default": null,
    "gps_accuracy": null,
    "hint": null,
    "relevant": null,
    "constraint": null,
    "questionnaire": "4bxvxpk6t2ywhak8wrgem7xi",
    "question_group": null,
    "index": 3,
    "created_date": "2017-11-14T00:00:00.000Z",
    "last_updated": "2017-11-14T00:00:00.000Z"
  }
},
{
  "model": "questionnaires.question",
  "pk": "7khwjijskttzva6zwke3hbt8",
  "fields": {
    "name": "title",
    "label_xlat": {
      "es": "Conditional Attributes",
      "en": "Conditional Attributes"
    },
    "type": "NO",
    "required": false,
    "default": null,
    "gps_accuracy": null,
    "hint": null,
    "relevant": null,
    "constraint": null,
    "questionnaire": "4bxvxpk6t2ywhak8wrgem7xi",
    "question_group": null,
    "index": 4,
    "created_date": "2017-11-14T00:00:00.000Z",
    "last_updated": "2017-11-14T00:00:00.000Z"
  }
},
{
  "model": "questionnaires.question",
  "pk": "8nb2sxvq73arpfrpsnrqiqhu",
  "fields": {
    "name": "party_type",
    "label_xlat": {
      "es": "Clasificaci\u00f3n",
      "en": "Party Type"
    },
    "type": "S1",
    "required": true,
    "default": null,
    "gps_accuracy": null,
    "hint": null,
    "relevant": null,
    "constraint": null,
    "questionnaire": "4bxvxpk6t2ywhak8wrgem7xi",
    "question_group": null,
    "index": 5,
    "created_date": "2017-11-14T00:00:00.000Z",
    "last_updated": "2017-11-14T00:00:00.000Z"
  }
},
{
  "model": "questionnaires.question",
  "pk": "vuz8s3b33v6abb3gdry7yd5x",
  "fields": {
    "name": "party_name",
    "label_xlat": {
      "es": "Nombre de la persona",
      "en": "People Name(s)"
    },
    "type": "TX",
    "required": true,
    "default": null,
    "gps_accuracy": null,
    "hint": null,
    "relevant": null,
    "constraint": null,
    "questionnaire": "4bxvxpk6t2ywhak8wrgem7xi",
    "question_group": null,
    "index": 6,
    "created_date": "2017-11-14T00:00:00.000Z",
    "last_updated": "2017-11-14T00:00:00.000Z"
  }
},
{
  "model": "questionnaires.question",
  "pk": "irevuyrafticy7un6wtdfd5n",
  "fields": {
    "name": "tenure_type",
    "label_xlat": {
      "es": "Tipo de relaci\u00f3n",
      "en": "Relationship type"
    },
    "type": "S1",
    "required": true,
    "default": null,
    "gps_accuracy": null,
    "hint": null,
    "relevant": null,
    "constraint": null,
    "questionnaire": "4bxvxpk6t2ywhak8wrgem7xi",
    "question_group": null,
    "index": 7,
    "created_date": "2017-11-14T00:00:00.000Z",
    "last_updated": "2017-11-14T00:00:00.000Z"
  }
},
{
  "model": "questionnaires.question",
  "pk": "9ttknq27pp6y9zziwiedgewj",
  "fields": {
    "name": "geo_type",
    "label_xlat": {
      "es": "Seleccione el tipo de recogida de geometr\u00eda",
      "en": "Select type of geo collection"
    },
    "type": "S1",
    "required": true,
    "default": "geotrace",
    "gps_accuracy": null,
    "hint": null,
    "relevant": null,
    "constraint": null,
    "questionnaire": "4bxvxpk6t2ywhak8wrgem7xi",
    "question_group": null,
    "index": 8,
    "created_date": "2017-11-14T00:00:00.000Z",
    "last_updated": "2017-11-14T00:00:00.000Z"
  }
},
{
  "model": "questionnaires.question",
  "pk": "bmbfmgj96nb5hx5eqsfsyenz",
  "fields": {
    "name": "location_geoshape",
    "label_xlat": {
      "es": "Dibuje las coordenadas en el mapa",
      "en": "Draw the location boundaries on the map"
    },
    "type": "GS",
    "required": true,
    "default": null,
    "gps_accuracy": null,
    "hint": null,
    "relevant": "${geo_type}='geoshape'",
    "constraint": null,
    "questionnaire": "4bxvxpk6t2ywhak8wrgem7xi",
    "question_group": null,
    "index": 9,
    "created_date": "2017-11-14T00:00:00.000Z",
    "last_updated": "2017-11-14T00:00:00.000Z"
  }
},
{
  "model": "questionnaires.question",
  "pk": "3exg9ccjxrys4i8det7ysy86",
  "fields": {
    "name": "location_geotrace",
    "label_xlat": {
      "es": "Camine alrededor del l\u00edmite de la localizaci\u00f3n",
      "en": "Trace the location boundaries"
    },
    "type": "GT",
    "required": true,
    "default": null,
    "gps_accuracy": null,
    "hint": null,
    "relevant": "${geo_type}='geotrace'",
    "constraint": null,
    "questionnaire": "4bxvxpk6t2ywhak8wrgem7xi",
    "question_group": null,
    "index": 10,
    "created_date": "2017-11-14T00:00:00.000Z",
    "last_updated": "2017-11-14T00:00:00.000Z"
  }
},
{
  "model": "questionnaires.question",
  "pk": "xng7xbaygayk3paryzxkipqi",
  "fields": {
    "name": "location_geometry",
    "label_xlat": {
      "es": "Seleccione un punto en el mapa",
      "en": "Select a point on the map"
    },
    "type": "GP",
    "required": true,
    "default": null,
    "gps_accuracy": null,
    "hint": null,
    "relevant": "${geo_type}='geopoint'",
    "constraint": null,
    "questionnaire": "4bxvxpk6t2ywhak8wrgem7xi",
    "question_group": null,
    "index": 11,
    "created_date": "2017-11-14T00:00:00.000Z",
    "last_updated": "2017-11-14T00:00:00.000Z"
  }
},
{
  "model": "questionnaires.question",
  "pk": "tc69zpsgywrwa7drxn5waj2j",
  "fields": {
    "name": "location_type",
    "label_xlat": {
      "es": "Tipo de localizaci\u00f3n",
      "en": "What is the location type?"
    },
    "type": "S1",
    "required": true,
    "default": null,
    "gps_accuracy": null,
    "hint": null,
    "relevant": null,
    "constraint": null,
    "questionnaire": "4bxvxpk6t2ywhak8wrgem7xi",
    "question_group": null,
    "index": 12,
    "created_date": "2017-11-14T00:00:00.000Z",
    "last_updated": "2017-11-14T00:00:00.000Z"
  }
},
{
  "model": "questionnaires.question",
  "pk": "zxaqu9a6v5twhf953w5xxhub",
  "fields": {
    "name": "notes",
    "label_xlat": {
      "es": "Notas",
      "en": "Notes"
    },
    "type": "TX",
    "required": false,
    "default": null,
    "gps_accuracy": null,
    "hint": null,
    "relevant": null,
    "constraint": null,
    "questionnaire": "4bxvxpk6t2ywhak8wrgem7xi",
    "question_group": "xi33nsxrfbkjvx9j44c89b8x",
    "index": 0,
    "created_date": "2017-11-14T00:00:00.000Z",
    "last_updated": "2017-11-14T00:00:00.000Z"
  }
},
{
  "model": "questionnaires.question",
  "pk": "rqxkq2qpc5dg5xy6hvevzchk",
  "fields": {
    "name": "birthdate",
    "label_xlat": {
      "es": "Fecha de nacimiento",
      "en": "Birthdate"
    },
    "type": "DA",
    "required": true,
    "default": null,
    "gps_accuracy": null,
    "hint": null,
    "relevant": null,
    "constraint": null,
    "questionnaire": "4bxvxpk6t2ywhak8wrgem7xi",
    "question_group": "ssrccwc6wqph2wy5gaui8agt",
    "index": 0,
    "created_date": "2017-11-14T00:00:00.000Z",
    "last_updated": "2017-11-14T00:00:00.000Z"
  }
},
{
  "model": "questionnaires.question",
  "pk": "bq4btntek4fn224unwhnh6ie",
  "fields": {
    "name": "number_of_members",
    "label_xlat": {
      "es": "N\u00famero de miembros",
      "en": "Number of members"
    },
    "type": "IN",
    "required": true,
    "default": null,
    "gps_accuracy": null,
    "hint": null,
    "relevant": null,
    "constraint": null,
    "questionnaire": "4bxvxpk6t2ywhak8wrgem7xi",
    "question_group": "ryvqgxkifqw4i8kbmqetwbgp",
    "index": 0,
    "created_date": "2017-11-14T00:00:00.000Z",
    "last_updated": "2017-11-14T00:00:00.000Z"
  }
},
{
  "model": "questionnaires.question",
  "pk": "a9j2jjwzdbsigjqvb2nky2ce",
  "fields": {
    "name": "registration",
    "label_xlat": {
      "es": "Fecha de la registracion",
      "en": "Date of registration"
    },
    "type": "DA",
    "required": true,
    "default": null,
    "gps_accuracy": null,
    "hint": null,
    "relevant": null,
    "constraint": null,
    "questionnaire": "4bxvxpk6t2ywhak8wrgem7xi",
    "question_group": "4ccdu3g4v5bqzrs4atfnegqj",
    "index": 0,
    "created_date": "2017-11-14T00:00:00.000Z",
    "last_updated": "2017-11-14T00:00:00.000Z"
  }
},
{
  "model": "questionnaires.questionoption",
  "pk": "mni62yae9phyi93dj7k2jem9",
  "fields": {
    "name": "geoshape",
    "label_xlat": {
      "es": "Dibuje las coordenadas en el mapa",
      "en": "Draw boundary coordinates on a map"
    },
    "index": 1,
    "question": "9ttknq27pp6y9zziwiedgewj",
    "created_date": "2017-11-14T00:00:00.000Z",
    "last_updated": "2017-11-14T00:00:00.000Z"
  }
},
{
  "model": "questionnaires.questionoption",
  "pk": "pykfrkjjm5pycgnfdhgc9ky8",
  "fields": {
    "name": "geotrace",
    "label_xlat": {
      "es": "Camine alrededor del l\u00edmite de la localizaci\u00f3n",
      "en": "Walk around the boundaries"
    },
    "index": 2,
    "question": "9ttknq27pp6y9zziwiedgewj",
    "created_date": "2017-11-14T00:00:00.000Z",
    "last_updated": "2017-11-14T00:00:00.000Z"
  }
},
{
  "model": "questionnaires.questionoption",
  "pk": "qbnaxchx967hde6yajx2q6bb",
  "fields": {
    "name": "geopoint",
    "label_xlat": {
      "es": "Seleccione un punto en el mapa",
      "en": "Select a point on the map"
    },
    "index": 3,
    "question": "9ttknq27pp6y9zziwiedgewj",
    "created_date": "2017-11-14T00:00:00.000Z",
    "last_updated": "2017-11-14T00:00:00.000Z"
  }
},
{
  "model": "questionnaires.questionoption",
  "pk": "8kaxaktwn5szuqjd47e68328",
  "fields": {
    "name": "PA",
    "label_xlat": {
      "es": "Parcela",
      "en": "Parcel"
    },
    "index": 1,
    "question": "tc69zpsgywrwa7drxn5waj2j",
    "created_date": "2017-11-14T00:00:00.000Z",
    "last_updated": "2017-11-14T00:00:00.000Z"
  }
},
{
  "model": "questionnaires.questionoption",
  "pk": "h3hmph27if349t73iibmjxna",
  "fields": {
    "name": "CB",
    "label_xlat": {
      "es": "L\u00edmite de comunidad",
      "en": "Community Boundary"
    },
    "index": 2,
    "question": "tc69zpsgywrwa7drxn5waj2j",
    "created_date": "2017-11-14T00:00:00.000Z",
    "last_updated": "2017-11-14T00:00:00.000Z"
  }
},
{
  "model": "questionnaires.questionoption",
  "pk": "qvrgf3svu5xbeqmf46f52ewz",
  "fields": {
    "name": "BU",
    "label_xlat": {
      "es": "Edificio",
      "en": "Building"
    },
    "index": 3,
    "question": "tc69zpsgywrwa7drxn5waj2j",
    "created_date": "2017-11-14T00:00:00.000Z",
    "last_updated": "2017-11-14T00:00:00.000Z"
  }
},
{
  "model": "questionnaires.questionoption",
  "pk": "2r7hjmmyzw8jwav3jc5cuncx",
  "fields": {
    "name": "AP",
    "label_xlat": {
      "es": "Apartamento",
      "en": "Apartment"
    },
    "index": 4,
    "question": "tc69zpsgywrwa7drxn5waj2j",
    "created_date": "2017-11-14T00:00:00.000Z",
    "last_updated": "2017-11-14T00:00:00.000Z"
  }
},
{
  "model": "questionnaires.questionoption",
  "pk": "xtyrx7gaggehycdpvv9sqnyw",
  "fields": {
    "name": "RW",
    "label_xlat": {
      "es": "Derecho de paso",
      "en": "Right-of-way"
    },
    "index": 5,
    "question": "tc69zpsgywrwa7drxn5waj2j",
    "created_date": "2017-11-14T00:00:00.000Z",
    "last_updated": "2017-11-14T00:00:00.000Z"
  }
},
{
  "model": "questionnaires.questionoption",
  "pk": "hadng76rzmkn4qbpa8xfiv32",
  "fields": {
    "name": "NP",
    "label_xlat": {
      "es": "L\u00edmite de Parque Nacional",
      "en": "National Park Boundary"
    },
    "index": 6,
    "question": "tc69zpsgywrwa7drxn5waj2j",
    "created_date": "2017-11-14T00:00:00.000Z",
    "last_updated": "2017-11-14T00:00:00.000Z"
  }
},
{
  "model": "questionnaires.questionoption",
  "pk": "6gkaxxuj9hegvaztgvcdjm7a",
  "fields": {
    "name": "MI",
    "label_xlat": {
      "es": "Miscel\u00e1nea",
      "en": "Miscellaneous"
    },
    "index": 7,
    "question": "tc69zpsgywrwa7drxn5waj2j",
    "created_date": "2017-11-14T00:00:00.000Z",
    "last_updated": "2017-11-14T00:00:00.000Z"
  }
},
{
  "model": "questionnaires.questionoption",
  "pk": "9z9wvzj3q2txcjjgvez528vk",
  "fields": {
    "name": "GR",
    "label_xlat": {
      "es": "Grupo",
      "en": "Group"
    },
    "index": 1,
    "question": "8nb2sxvq73arpfrpsnrqiqhu",
    "created_date": "2017-11-14T00:00:00.000Z",
    "last_updated": "2017-11-14T00:00:00.000Z"
  }
},
{
  "model": "questionnaires.questionoption",
  "pk": "mmywbxcivycffkvpcpq48kj6",
  "fields": {
    "name": "IN",
    "label_xlat": {
      "es": "Individuo",
      "en": "Individual"
    },
    "index": 2,
    "question": "8nb2sxvq73arpfrpsnrqiqhu",
    "created_date": "2017-11-14T00:00:00.000Z",
    "last_updated": "2017-11-14T00:00:00.000Z"
  }
},
{
  "model": "questionnaires.questionoption",
  "pk": "uys6qhi3jmak6g6439iyqbhe",
  "fields": {
    "name": "CO",
    "label_xlat": {
      "es": "Empresa",
      "en": "Corporation"
    },
    "index": 3,
    "question": "8nb2sxvq73arpfrpsnrqiqhu",
    "created_date": "2017-11-14T00:00:00.000Z",
    "last_updated": "2017-11-14T00:00:00.000Z"
  }
},
{
  "model": "questionnaires.questionoption",
  "pk": "qefpqmh6ua76sdvwwzim29k7",
  "fields": {
    "name": "CR",
    "label_xlat": {
      "es": "Derechos de carbono",
      "en": "Carbon Rights"
    },
    "index": 1,
    "question": "irevuyrafticy7un6wtdfd5n",
    "created_date": "2017-11-14T00:00:00.000Z",
    "last_updated": "2017-11-14T00:00:00.000Z"
  }
},
{
  "model": "questionnaires.questionoption",
  "pk": "suzvgrj37b2fqfbfahheysxm",
  "fields": {
    "name": "CO",
    "label_xlat": {
      "es": "Derechos concesionales",
      "en": "Concessionary Rights"
    },
    "index": 2,
    "question": "irevuyrafticy7un6wtdfd5n",
    "created_date": "2017-11-14T00:00:00.000Z",
    "last_updated": "2017-11-14T00:00:00.000Z"
  }
},
{
  "model": "questionnaires.questionoption",
  "pk": "jr46ftrxk9fvct9gy3ezuruy",
  "fields": {
    "name": "CU",
    "label_xlat": {
      "es": "Derechos consuetudinarios",
      "en": "Customary Rights"
    },
    "index": 3,
    "question": "irevuyrafticy7un6wtdfd5n",
    "created_date": "2017-11-14T00:00:00.000Z",
    "last_updated": "2017-11-14T00:00:00.000Z"
  }
},
{
  "model": "questionnaires.questionoption",
  "pk": "68bfffbb5rpbdgv9gqtywcge",
  "fields": {
    "name": "EA",
    "label_xlat": {
      "es": "Usufructo",
      "en": "Easement"
    },
    "index": 4,
    "question": "irevuyrafticy7un6wtdfd5n",
    "created_date": "2017-11-14T00:00:00.000Z",
    "last_updated": "2017-11-14T00:00:00.000Z"
  }
},
{
  "model": "questionnaires.questionoption",
  "pk": "zcfuicmvq25c5krsh8k3t6y5",
  "fields": {
    "name": "ES",
    "label_xlat": {
      "es": "Servidumbre",
      "en": "Equitable Servitude"
    },
    "index": 5,
    "question": "irevuyrafticy7un6wtdfd5n",
    "created_date": "2017-11-14T00:00:00.000Z",
    "last_updated": "2017-11-14T00:00:00.000Z"
  }
},
{
  "model": "questionnaires.questionoption",
  "pk": "2ipvcb6q5efdnj3bc9ak6cpg",
  "fields": {
    "name": "FH",
    "label_xlat": {
      "es": "Propiedad",
      "en": "Freehold"
    },
    "index": 6,
    "question": "irevuyrafticy7un6wtdfd5n",
    "created_date": "2017-11-14T00:00:00.000Z",
    "last_updated": "2017-11-14T00:00:00.000Z"
  }
},
{
  "model": "questionnaires.questionoption",
  "pk": "s3jyqua5nn8dip794pw6w5iw",
  "fields": {
    "name": "GR",
    "label_xlat": {
      "es": "Derechos de pastoreo",
      "en": "Grazing Rights"
    },
    "index": 7,
    "question": "irevuyrafticy7un6wtdfd5n",
    "created_date": "2017-11-14T00:00:00.000Z",
    "last_updated": "2017-11-14T00:00:00.000Z"
  }
},
{
  "model": "questionnaires.questionoption",
  "pk": "ddhcgztz3pbhvkkq4ivz4ved",
  "fields": {
    "name": "HR",
    "label_xlat": {
      "es": "Derechos de caza, pesca o cosecha",
      "en": "Hunting/Fishing/Harvest Rights"
    },
    "index": 8,
    "question": "irevuyrafticy7un6wtdfd5n",
    "created_date": "2017-11-14T00:00:00.000Z",
    "last_updated": "2017-11-14T00:00:00.000Z"
  }
},
{
  "model": "questionnaires.questionoption",
  "pk": "bev9spypbnu4dpbruvzmgb75",
  "fields": {
    "name": "IN",
    "label_xlat": {
      "es": "Derechos de tierras ind\u00edgenas",
      "en": "Indigenous Land Rights"
    },
    "index": 9,
    "question": "irevuyrafticy7un6wtdfd5n",
    "created_date": "2017-11-14T00:00:00.000Z",
    "last_updated": "2017-11-14T00:00:00.000Z"
  }
},
{
  "model": "questionnaires.questionoption",
  "pk": "hhga9w49bayfw8qx7zv93gc8",
  "fields": {
    "name": "JT",
    "label_xlat": {
      "es": "Tenencia conjunta",
      "en": "Joint Tenancy"
    },
    "index": 10,
    "question": "irevuyrafticy7un6wtdfd5n",
    "created_date": "2017-11-14T00:00:00.000Z",
    "last_updated": "2017-11-14T00:00:00.000Z"
  }
},
{
  "model": "questionnaires.questionoption",
  "pk": "gwftcdtx5p6vdqvh48ayrkck",
  "fields": {
    "name": "LH",
    "label_xlat": {
      "es": "Arrendameiento",
      "en": "Leasehold"
    },
    "index": 11,
    "question": "irevuyrafticy7un6wtdfd5n",
    "created_date": "2017-11-14T00:00:00.000Z",
    "last_updated": "2017-11-14T00:00:00.000Z"
  }
},
{
  "model": "questionnaires.questionoption",
  "pk": "u27vinveyxv3jicgkzth2yw6",
  "fields": {
    "name": "LL",
    "label_xlat": {
      "es": "Arrendamiento a largo plazo",
      "en": "Longterm leasehold"
    },
    "index": 12,
    "question": "irevuyrafticy7un6wtdfd5n",
    "created_date": "2017-11-14T00:00:00.000Z",
    "last_updated": "2017-11-14T00:00:00.000Z"
  }
},
{
  "model": "questionnaires.questionoption",
  "pk": "jegrpgfx7pznu62cvqfnjf2d",
  "fields": {
    "name": "MR",
    "label_xlat": {
      "es": "Derechos mineros",
      "en": "Mineral Rights"
    },
    "index": 13,
    "question": "irevuyrafticy7un6wtdfd5n",
    "created_date": "2017-11-14T00:00:00.000Z",
    "last_updated": "2017-11-14T00:00:00.000Z"
  }
},
{
  "model": "questionnaires.questionoption",
  "pk": "spumdtrnq2a25ibx86k4r2zz",
  "fields": {
    "name": "OC",
    "label_xlat": {
      "es": "Ocupaci\u00f3n (Sin Derechos Documentados)",
      "en": "Occupancy (No Documented Rights)"
    },
    "index": 14,
    "question": "irevuyrafticy7un6wtdfd5n",
    "created_date": "2017-11-14T00:00:00.000Z",
    "last_updated": "2017-11-14T00:00:00.000Z"
  }
},
{
  "model": "questionnaires.questionoption",
  "pk": "mi7bt22aviuxfe7c8cjhnj2m",
  "fields": {
    "name": "TN",
    "label_xlat": {
      "es": "Arrendamiento (subarrendamiento documentado)",
      "en": "Tenancy (Documented Sub-lease)"
    },
    "index": 15,
    "question": "irevuyrafticy7un6wtdfd5n",
    "created_date": "2017-11-14T00:00:00.000Z",
    "last_updated": "2017-11-14T00:00:00.000Z"
  }
},
{
  "model": "questionnaires.questionoption",
  "pk": "mxckkdhj43gv4gkcsyx2idpj",
  "fields": {
    "name": "TC",
    "label_xlat": {
      "es": "Alquiler en com\u00fan",
      "en": "Tenancy in Common"
    },
    "index": 16,
    "question": "irevuyrafticy7un6wtdfd5n",
    "created_date": "2017-11-14T00:00:00.000Z",
    "last_updated": "2017-11-14T00:00:00.000Z"
  }
},
{
  "model": "questionnaires.questionoption",
  "pk": "kvy3n5fdmuzb8f7c42jyf4wa",
  "fields": {
    "name": "UC",
    "label_xlat": {
      "es": "Co-propiedad indivisible",
      "en": "Undivided Co-ownership"
    },
    "index": 17,
    "question": "irevuyrafticy7un6wtdfd5n",
    "created_date": "2017-11-14T00:00:00.000Z",
    "last_updated": "2017-11-14T00:00:00.000Z"
  }
},
{
  "model": "questionnaires.questionoption",
  "pk": "68mwbd5qyg8mdveme72er4r5",
  "fields": {
    "name": "WR",
    "label_xlat": {
      "es": "Derechos de agua",
      "en": "Water Rights"
    },
    "index": 18,
    "question": "irevuyrafticy7un6wtdfd5n",
    "created_date": "2017-11-14T00:00:00.000Z",
    "last_updated": "2017-11-14T00:00:00.000Z"
  }
}
]
